{
  "1": [7.071067812, 14.82842712],
  "2": [7.071067812, 13.82842712],
  "3": [7.071067812, 12.82842712],
  "4": [7.071067812, 11.82842712],
  "5": [7.778174593, 11.12132034],
  "6": [7.778174593, 10.12132034],
  "7": [7.778174593, 9.121320344],
  "8": [7.778174593, 8.121320344],
  "9": [7.071067812, 7.414213562],
  "10": [6.363961031, 6.707106781],
  "11": [5.656854249, 6],
  "12": [4.949747468, 5.292893219],
  "13": [4.242640687, 4.585786438],
  "14": [3.535533906, 3.878679656],
  "15": [2.828427125, 3.171572875],
  "16": [1.828427125, 3.171572875],
  "17": [0.8284271247, 3.171572875],
  "18": [8.485281374, 11.82842712],
  "19": [9.192388155, 12.53553391],
  "20": [9.899494937, 13.24264069],
  "21": [10.60660172, 13.94974747],
  "22": [10.60660172, 14.94974747],
  "23": [14.43502884, 2.464466094],
  "24": [13.72792206, 3.171572875],
  "25": [13.02081528, 3.878679656],
  "26": [12.3137085, 4.585786438],
  "27": [11.60660172, 5.292893219],
  "28": [10.89949494, 6],
  "29": [10.19238816, 6.707106781],
  "30": [9.485281374, 7.414213562],
  "31": [8.485281374, 7.414213562],
  "32": [7.071067812, 6],
  "33": [6.363961031, 5.292893219],
  "34": [0, 14.48528137],
  "35": [0.7071067812, 13.77817459],
  "36": [1.414213562, 13.07106781],
  "37": [2.121320344, 12.36396103],
  "38": [2.828427125, 11.65685425],
  "39": [3.535533906, 10.94974747],
  "40": [4.242640687, 10.24264069],
  "41": [4.949747468, 9.535533906],
  "42": [5.656854249, 8.828427125],
  "43": [6.363961031, 8.121320344],
  "44": [7.778174593, 6.707106781],
  "45": [8.485281374, 6],
  "46": [8.485281374, 5],
  "47": [8.485281374, 4],
  "48": [8.485281374, 3],
  "49": [8.485281374, 2],
  "50": [8.485281374, 1],
  "51": [8.485281374, 0]
}